{
    "name": "root",
    "metadata": {
        "timer_format_version": "0.1.0",
        "start_time_seconds": "1710795472",
        "python_version": "3.9.13 | packaged by conda-forge | (main, May 27 2022, 16:51:29) [MSC v.1929 64 bit (AMD64)]",
        "command_line_arguments": "C:\\Users\\markvarga21\\.conda\\envs\\arl\\Scripts\\mlagents-learn --run-id=RayPerceptionSensors",
        "mlagents_version": "0.30.0",
        "mlagents_envs_version": "0.30.0",
        "communication_protocol_version": "1.5.0",
        "pytorch_version": "2.2.1+cpu",
        "numpy_version": "1.21.2",
        "end_time_seconds": "1710795495"
    },
    "total": 22.9867014,
    "count": 1,
    "self": 0.00930240000000282,
    "children": {
        "run_training.setup": {
            "total": 0.06387759999999965,
            "count": 1,
            "self": 0.06387759999999965
        },
        "TrainerController.start_learning": {
            "total": 22.9135214,
            "count": 1,
            "self": 0.0092029999999923,
            "children": {
                "TrainerController._reset_env": {
                    "total": 11.540464199999999,
                    "count": 1,
                    "self": 11.540464199999999
                },
                "TrainerController.advance": {
                    "total": 11.132256900000012,
                    "count": 192,
                    "self": 0.006692500000010426,
                    "children": {
                        "env_step": {
                            "total": 6.617750699999991,
                            "count": 192,
                            "self": 6.086560200000026,
                            "children": {
                                "SubprocessEnvManager._take_step": {
                                    "total": 0.5271801999999894,
                                    "count": 192,
                                    "self": 0.030523999999992668,
                                    "children": {
                                        "TorchPolicy.evaluate": {
                                            "total": 0.4966561999999968,
                                            "count": 192,
                                            "self": 0.4966561999999968
                                        }
                                    }
                                },
                                "workers": {
                                    "total": 0.004010299999976041,
                                    "count": 192,
                                    "self": 0.0,
                                    "children": {
                                        "worker_root": {
                                            "total": 9.133396900000008,
                                            "count": 192,
                                            "is_parallel": true,
                                            "self": 4.139840199999986,
                                            "children": {
                                                "steps_from_proto": {
                                                    "total": 0.003883099999999473,
                                                    "count": 1,
                                                    "is_parallel": true,
                                                    "self": 0.0007245999999980768,
                                                    "children": {
                                                        "_process_rank_one_or_two_observation": {
                                                            "total": 0.0031585000000013963,
                                                            "count": 4,
                                                            "is_parallel": true,
                                                            "self": 0.0031585000000013963
                                                        }
                                                    }
                                                },
                                                "UnityEnvironment.step": {
                                                    "total": 4.989673600000023,
                                                    "count": 192,
                                                    "is_parallel": true,
                                                    "self": 0.2243156000000308,
                                                    "children": {
                                                        "UnityEnvironment._generate_step_input": {
                                                            "total": 0.37609910000000646,
                                                            "count": 192,
                                                            "is_parallel": true,
                                                            "self": 0.37609910000000646
                                                        },
                                                        "communicator.exchange": {
                                                            "total": 3.852650400000009,
                                                            "count": 192,
                                                            "is_parallel": true,
                                                            "self": 3.852650400000009
                                                        },
                                                        "steps_from_proto": {
                                                            "total": 0.5366084999999767,
                                                            "count": 192,
                                                            "is_parallel": true,
                                                            "self": 0.10659559999997548,
                                                            "children": {
                                                                "_process_rank_one_or_two_observation": {
                                                                    "total": 0.43001290000000125,
                                                                    "count": 768,
                                                                    "is_parallel": true,
                                                                    "self": 0.43001290000000125
                                                                }
                                                            }
                                                        }
                                                    }
                                                }
                                            }
                                        }
                                    }
                                }
                            }
                        },
                        "trainer_advance": {
                            "total": 4.5078137000000105,
                            "count": 192,
                            "self": 0.007297799999989252,
                            "children": {
                                "process_trajectory": {
                                    "total": 1.3520008000000203,
                                    "count": 192,
                                    "self": 1.3520008000000203
                                },
                                "_update_policy": {
                                    "total": 3.148515100000001,
                                    "count": 1,
                                    "self": 2.2244583000000127,
                                    "children": {
                                        "TorchPPOOptimizer.update": {
                                            "total": 0.9240567999999882,
                                            "count": 26,